prompt,label,label2
"Can I send an email, please?",Email Delivery,Email Request
I'd like to compose an email.,Email Delivery,Email Request
I need to send an email.,Email Delivery,Email Request
Could you help me write an email?,Email Delivery,Email Request
Is it possible to send an email with you?,Email Delivery,Email Request
Let's write an email.,Email Delivery,Email Request
Time to send an email.,Email Delivery,Email Request
I want to email someone.,Email Delivery,Email Request
Open email for writing.,Email Delivery,Email Request
Compose a new message.,Email Delivery,Email Request
I have an email to send.,Email Delivery,Email Request
There's someone I need to email.,Email Delivery,Email Request
I want to get in touch with [someone] through email.,Email Delivery,Email Request
Could you draft an email for me?,Email Delivery,Email Request
I need to send an email about [topic].,Email Delivery,Email Request
Time to send a quick email.,Email Delivery,Email Request
Let's shoot someone an email.,Email Delivery,Email Request
I have an important email to write.,Email Delivery,Email Request
Is there a way to email [someone]?,Email Delivery,Email Request
Can you help me send an email regarding [topic]?,Email Delivery,Email Request
I need to drop someone a line.,Email Delivery,Email Request
Let's ping someone with an email.,Email Delivery,Email Request
Time to fire off an email.,Email Delivery,Email Request
Is it cool if I send an email?,Email Delivery,Email Request
Can you whip up an email for me?,Email Delivery,Email Request
I could use an email assistant right now.,Email Delivery,Email Request
Let's get in touch electronically.,Email Delivery,Email Request
"I wanna send an email, yo.",Email Delivery,Email Request
"Can you help me send an email, buddy?",Email Delivery,Email Request
Mind helping me out with an email?,Email Delivery,Email Request
"Start a new email, please.",Email Delivery,Email Request
Let's create a new email message.,Email Delivery,Email Request
Activate email composition mode.,Email Delivery,Email Request
"Open the email writer, please.",Email Delivery,Email Request
Can you initiate a new email for me?,Email Delivery,Email Request
I'd like to access the email composer.,Email Delivery,Email Request
Guide me through composing an email.,Email Delivery,Email Request
Help me get started with a new email.,Email Delivery,Email Request
Take me to the email writing section.,Email Delivery,Email Request
Begin a new email draft.,Email Delivery,Email Request
I need to send a quick thank you email.,Email Delivery,Email Request
Can you help me write a birthday email?,Email Delivery,Email Request
Let's draft a work email together.,Email Delivery,Email Request
I have a complaint to send via email.,Email Delivery,Email Request
Is it possible to write an email invitation?,Email Delivery,Email Request
Help me compose an email apology.,Email Delivery,Email Request
Can you guide me through writing a meeting email?,Email Delivery,Email Request
I need to send a follow-up email.,Email Delivery,Email Request
Let's write an email for feedback.,Email Delivery,Email Request
Is there a way to draft a resignation email?,Email Delivery,Email Request
Is sending an email an option?,Email Delivery,Email Request
Could I possibly send an email with your help?,Email Delivery,Email Request
Would it be alright to compose an email now?,Email Delivery,Email Request
Do you mind helping me write an email message?,Email Delivery,Email Request
I was wondering if I could send an email through you.,Email Delivery,Email Request
Is there a way for me to get started with an email?,Email Delivery,Email Request
Can you assist me in the email writing process?,Email Delivery,Email Request
"I'm not sure how to send an email, can you help?",Email Delivery,Email Request
Would you be able to guide me through writing an email?,Email Delivery,Email Request
Is it possible to use your voice to send an email?,Email Delivery,Email Request
"Hey, can I write an email?",Email Delivery,Email Request
"Dude, let's send an email.",Email Delivery,Email Request
"Yo, help me out with an email, please.",Email Delivery,Email Request
Mind if I shoot someone an email?,Email Delivery,Email Request
Is it cool if I use you to send an email?,Email Delivery,Email Request
Can you whip up an email real quick?,Email Delivery,Email Request
"Let's get this email done, assistant.",Email Delivery,Email Request
"Time to blast out an email, you in?",Email Delivery,Email Request
"Help a brother out with an email, please.",Email Delivery,Email Request
"My fingers are tired, can you write an email?",Email Delivery,Email Request
Let's write.,Email Delivery,Email Request
I need to compose.,Email Delivery,Email Request
Can you draft something for me?,Email Delivery,Email Request
Time to fire off a message.,Email Delivery,Email Request
Let's get in for a mail.,Email Delivery,Email Request
I have something to send to [someone].,Email Delivery,Email Request
I need to reach out to [someone] electronically.,Email Delivery,Email Request
Can you help me contact [someone] through email?,Email Delivery,Email Request
Is there a way to get a message to [someone]?,Email Delivery,Email Request
I have some information to share via email.,Email Delivery,Email Request
Can you be my email genie?,Email Delivery,Email Request
Let's make the email magic happen.,Email Delivery,Email Request
"I need your email superpowers, assistant!",Email Delivery,Email Request
Time to email someone into existence.,Email Delivery,Email Request
Can you email like a boss for me?,Email Delivery,Email Request
"Let's write an email that slays, shall we?",Email Delivery,Email Request
"I need your email Jedi skills, master.",Email Delivery,Email Request
Is it possible to email someone with the power of your voice?,Email Delivery,Email Request
Can you make emailing effortless for me?,Email Delivery,Email Request
Let's write an email that breaks the internet.,Email Delivery,Email Request
May I please send an email?,Email Delivery,Email Request
I'd like to send an email now.,Email Delivery,Email Request
"Could you help me compose an email, please?",Email Delivery,Email Request
Is it possible to write a new email message?,Email Delivery,Email Request
I need to send an email. Can you assist me?,Email Delivery,Email Request
"I just finished a meeting, can I send an email recap?",Email Delivery,Email Request
I need to send an email after this phone call.,Email Delivery,Email Request
Remind me to send an email after my presentation.,Email Delivery,Email Request
Can you help me write an email while I'm on the go?,Email Delivery,Email Request
Is there a way to send an email hands-free?,Email Delivery,Email Request
Show me all my emails.,Email Listing,Email Listing Request
"Can you list my emails, please?",Email Listing,Email Listing Request
Open my inbox.,Email Listing,Email Listing Request
I want to see all my mail.,Email Listing,Email Listing Request
Display my email messages.,Email Listing,Email Listing Request
Can you give me a list of my emails?,Email Listing,Email Listing Request
"Open the email list, please.",Email Listing,Email Listing Request
I need to access my inbox.,Email Listing,Email Listing Request
Can I see my email messages now?,Email Listing,Email Listing Request
I want to check my email.,Email Listing,Email Listing Request
Could you show me any new emails?,Email Listing,Email Listing Request
Are there any emails waiting for me?,Email Listing,Email Listing Request
Let me see what's in my inbox.,Email Listing,Email Listing Request
Can you give me a quick overview of my emails?,Email Listing,Email Listing Request
Is it possible to view all my email messages?,Email Listing,Email Listing Request
I need to catch up on my emails.,Email Listing,Email Listing Request
Show me any unread emails I have.,Email Listing,Email Listing Request
Are there any important emails in my inbox?,Email Listing,Email Listing Request
Can you list my emails starting with the most recent?,Email Listing,Email Listing Request
What's in my email bin?,Email Listing,Email Listing Request
Can you give me the email scoop?,Email Listing,Email Listing Request
"Show me my email pile, please.",Email Listing,Email Listing Request
Is it cool if I peek at my inbox?,Email Listing,Email Listing Request
"Can you whip up a list of my emails, buddy?",Email Listing,Email Listing Request
"I'm feeling overwhelmed, show me my emails.",Email Listing,Email Listing Request
Let's dive into my email ocean.,Email Listing,Email Listing Request
"My fingers are tired, can you list my emails?",Email Listing,Email Listing Request
"Show me the email goodies, please.",Email Listing,Email Listing Request
Can you be my email fortune teller?,Email Listing,Email Listing Request
Open the email list view.,Email Listing,Email Listing Request
Let's access all my email messages.,Email Listing,Email Listing Request
Activate email inbox mode.,Email Listing,Email Listing Request
"Display the complete email list, please.",Email Listing,Email Listing Request
Can you initiate showing my email messages?,Email Listing,Email Listing Request
I'd like to access the email viewer.,Email Listing,Email Listing Request
Guide me through viewing all my emails.,Email Listing,Email Listing Request
Help me get started with my email list.,Email Listing,Email Listing Request
Take me to the email overview section.,Email Listing,Email Listing Request
Show me all my email drafts.,Email Listing,Email Listing Request
Is it possible to list all my emails?,Email Listing,Email Listing Request
Could I possibly see a list of my emails with your help?,Email Listing,Email Listing Request
Would it be alright to view my email inbox now?,Email Listing,Email Listing Request
Do you mind showing me all my email messages?,Email Listing,Email Listing Request
I was wondering if I could list my emails through you.,Email Listing,Email Listing Request
Is there a way for me to get to my email list?,Email Listing,Email Listing Request
Can you assist me in viewing all my emails?,Email Listing,Email Listing Request
"I'm not sure how to see my emails, can you help?",Email Listing,Email Listing Request
Would you be able to guide me through viewing my inbox?,Email Listing,Email Listing Request
Is it possible to use your voice to show me my emails?,Email Listing,Email Listing Request
"Hey, can I see my emails?",Email Listing,Email Listing Request
"Dude, show me what's in my inbox.",Email Listing,Email Listing Request
"Yo, list my emails, please.",Email Listing,Email Listing Request
Mind if I check my email real quick?,Email Listing,Email Listing Request
Is it cool if I use you to show me my emails?,Email Listing,Email Listing Request
Can you whip up a list of my emails?,Email Listing,Email Listing Request
"Let's get my email list going, assistant.",Email Listing,Email Listing Request
Time to see what emails I missed. You in?,Email Listing,Email Listing Request
"Help a brother out with my emails, please.",Email Listing,Email Listing Request
"My eyes are tired, can you read my emails to me?",Email Listing,Email Listing Request
Let's see what's in there.,Email Listing,Email Listing Request
I need to view my messages.,Email Listing,Email Listing Request
Can you show me something?,Email Listing,Email Listing Request
Time to check my email backlog.,Email Listing,Email Listing Request
Let's get this email thing started.,Email Listing,Email Listing Request
I have some things to check in my email.,Email Listing,Email Listing Request
I need to see if I have any new messages.,Email Listing,Email Listing Request
Can you tell me if there are any important emails for me?,Email Listing,Email Listing Request
Is there anything waiting for me in my inbox?,Email Listing,Email Listing Request
I need to catch up on my email communication.,Email Listing,Email Listing Request
Can you be my email genie? Show me the email treasure trove!,Email Listing,Email Listing Request
Let's make the email magic happen. Open the email curtain!,Email Listing,Email Listing Request
"I need your email superpowers, assistant! Unleash the email flood!",Email Listing,Email Listing Request
Time to email someone into existence. Show me my email spirit animal!,Email Listing,Email Listing Request
Can you email with the power of your voice? List my email messages like a boss!,Email Listing,Email Listing Request
"Let's write an email that slays, shall we? Start me off with my inbox firestorm!",Email Listing,Email Listing Request
"I need your email Jedi skills, master. Open the email pathway!",Email Listing,Email Listing Request
Is it possible to use your voice to unlock my email universe? Show me the email galaxy!,Email Listing,Email Listing Request
Can you make checking my email effortless? Give me the email zen experience!,Email Listing,Email Listing Request
"Let's write an email that breaks the inbox, but first, show me what's there!",Email Listing,Email Listing Request
"I just finished a meeting, can you show me any new emails?",Email Listing,Email Listing Request
Let me see my emails before this phone call ends.,Email Listing,Email Listing Request
Remind me to check my inbox after my presentation.,Email Listing,Email Listing Request
Can you list my emails while I'm on the go?,Email Listing,Email Listing Request
Is there a way to access my email hands-free?,Email Listing,Email Listing Request
Show me any emails I received since [specific time/date].,Email Listing,Email Listing Request
Can you list my emails from [specific sender/recipient]?,Email Listing,Email Listing Request
Are there any unread emails about [specific topic]?,Email Listing,Email Listing Request
Show me only the important emails in my inbox.,Email Listing,Email Listing Request
Can you prioritize my email list for me?,Email Listing,Email Listing Request
I want to see the unread emails first.,Email Listing,Email Listing Request
Show me only the emails with attachments.,Email Listing,Email Listing Request
Can you filter my emails by [specific criteria]?,Email Listing,Email Listing Request
Is it possible to list down emails containing [keywords]?,Email Listing,Email Listing Request
Let me see the starred emails in my inbox.,Email Listing,Email Listing Request
Show me only the emails from my work account.,Email Listing,Email Listing Request
Can you list the emails in my [specific folder]?,Email Listing,Email Listing Request
Is there a way to view the deleted emails?,Email Listing,Email Listing Request
Open the email that I received most recently.,Email Listing,Email Listing Request
"Delete this email, please.",Email Trashing,Email Trashing Request
Can you get rid of this email?,Email Trashing,Email Trashing Request
I want to remove this email.,Email Trashing,Email Trashing Request
Please erase this email.,Email Trashing,Email Trashing Request
Time to delete this one.,Email Trashing,Email Trashing Request
This email needs to go.,Email Trashing,Email Trashing Request
Can you dispose of this email for me?,Email Trashing,Email Trashing Request
"I'm done with this email, delete it.",Email Trashing,Email Trashing Request
This email can be trashed.,Email Trashing,Email Trashing Request
Remove this email permanently.,Email Trashing,Email Trashing Request
Are you sure you can delete this email?,Email Trashing,Email Trashing Request
Can you confirm deleting this email?,Email Trashing,Email Trashing Request
"I want to permanently delete this email, is that right?",Email Trashing,Email Trashing Request
"Trash this mail for me, please",Email Trashing,Email Trashing Request
Trash this mail.,Email Trashing,Email Trashing Request
"Ditch this email, please.",Email Trashing,Email Trashing Request
"Trash this mail, please.",Email Trashing,Email Trashing Request
Trash this mail to the bin.,Email Trashing,Email Trashing Request
This email needs to be banished.,Email Trashing,Email Trashing Request
Can you make this email disappear like magic?,Email Trashing,Email Trashing Request
This email needs to take a permanent vacation.,Email Trashing,Email Trashing Request
"Trash this email, please.",Email Trashing,Email Trashing Request
"This email is toast, delete it.",Email Trashing,Email Trashing Request
Trash this email.,Email Trashing,Email Trashing Request
Send this mail to the trash.,Email Trashing,Email Trashing Request
Send this email to the trash.,Email Trashing,Email Trashing Request
Activate the email removal process.,Email Trashing,Email Trashing Request
Proceed with permanent email deletion.,Email Trashing,Email Trashing Request
Execute email erase protocol.,Email Trashing,Email Trashing Request
Confirm email trashing action.,Email Trashing,Email Trashing Request
Is it possible to delete this email permanently?,Email Trashing,Email Trashing Request
Could I possibly erase this email with your help?,Email Trashing,Email Trashing Request
Would it be alright to remove this email forever?,Email Trashing,Email Trashing Request
Do you mind getting rid of this email for me?,Email Trashing,Email Trashing Request
I was wondering if I could permanently delete this email through you.,Email Trashing,Email Trashing Request
Is there a way for me to erase this email completely?,Email Trashing,Email Trashing Request
Can you assist me in permanently removing this email?,Email Trashing,Email Trashing Request
"I'm not sure how to delete this email permanently, can you help?",Email Trashing,Email Trashing Request
Would you be able to guide me through permanently deleting this email?,Email Trashing,Email Trashing Request
Is it possible to use your voice to permanently delete this email?,Email Trashing,Email Trashing Request
"Hey, can you delete this email?",Email Trashing,Email Trashing Request
"Dude, get rid of this email, please.",Email Trashing,Email Trashing Request
"Yo, trash this email for me.",Email Trashing,Email Trashing Request
Mind if I delete this email real quick?,Email Trashing,Email Trashing Request
Is it cool if I use you to erase this email?,Email Trashing,Email Trashing Request
Can you whip up an email deletion for me?,Email Trashing,Email Trashing Request
"Let's get rid of this email now, assistant.",Email Trashing,Email Trashing Request
"Time to nuke this email, you in?",Email Trashing,Email Trashing Request
"Help a brother out with this email deletion, please.",Email Trashing,Email Trashing Request
"My fingers are tired, can you delete this email for me?",Email Trashing,Email Trashing Request
Can you remove it?,Email Trashing,Email Trashing Request
I need to erase this.,Email Trashing,Email Trashing Request
"Get rid of this one, please.",Email Trashing,Email Trashing Request
Time to trash this.,Email Trashing,Email Trashing Request
Let's delete this thing.,Email Trashing,Email Trashing Request
I don't want this email anymore.,Email Trashing,Email Trashing Request
This email can be removed.,Email Trashing,Email Trashing Request
There's no need to keep this email.,Email Trashing,Email Trashing Request
Is it possible to permanently erase this email?,Email Trashing,Email Trashing Request
"I'm done with this email, can you take care of it?",Email Trashing,Email Trashing Request
Can you be my email grim reaper? Delete this email!,Email Trashing,Email Trashing Request
Let's make the email deletion magic happen! Vanish this email!,Email Trashing,Email Trashing Request
"I need your email deletion superpowers, assistant! Make this email disappear!",Email Trashing,Email Trashing Request
Time to email someone into oblivion. Delete this email like a ninja!,Email Trashing,Email Trashing Request
Can you delete with the power of your voice? Erase this email like a boss!,Email Trashing,Email Trashing Request
"Let's write an email that gets deleted, shall we? Send this email to the email void!",Email Trashing,Email Trashing Request
"I need your email Jedi skills, master. Delete this email with the force!",Email Trashing,Email Trashing Request
Is it possible to use your voice to permanently remove this email from existence?,Email Trashing,Email Trashing Request
Send this email to the email black hole!,Email Trashing,Email Trashing Request
"This email needs to be sent packing, please delete it permanently.",Email Trashing,Email Trashing Request
Can you make this email disappear forever? I don't need it anymore.,Email Trashing,Email Trashing Request
"Give this email the one-way ticket to the trash bin, please.",Email Trashing,Email Trashing Request
"Move this mail to the trash bin, please.",Email Trashing,Email Trashing Request
Time to give this email its final resting place. Can you erase it completely?,Email Trashing,Email Trashing Request
This email has served its purpose. Can you remove it from my inbox forever?,Email Trashing,Email Trashing Request
I'm ready to part ways with this email. Can you ensure it's gone for good?,Email Trashing,Email Trashing Request
This email can be retired now. Can you permanently delete it for me?,Email Trashing,Email Trashing Request
Let's de-clutter my inbox by removing this email permanently.,Email Trashing,Email Trashing Request
This email is no longer relevant. Can you erase it from my account completely?,Email Trashing,Email Trashing Request
I would appreciate it if you could permanently delete this email.,Email Trashing,Email Trashing Request
Is it possible to remove this email from my inbox and all folders forever?,Email Trashing,Email Trashing Request
Can you confirm that this email will be gone for good once you delete it?,Email Trashing,Email Trashing Request
I want to make sure this email is completely erased. Can you do that?,Email Trashing,Email Trashing Request
Please let me know when this email has been permanently deleted.,Email Trashing,Email Trashing Request
There's no need to keep a copy of this email. Can you delete it entirely?,Email Trashing,Email Trashing Request
This email can be disposed of without saving it anywhere else.,Email Trashing,Email Trashing Request
I trust you to permanently remove this email from my account.,Email Trashing,Email Trashing Request
Can you delete this email and make sure it cannot be recovered?,Email Trashing,Email Trashing Request
I'm confident you can handle this email deletion permanently.,Email Trashing,Email Trashing Request
This email is ready for its final goodbyes. Can you delete it permanently?,Email Trashing,Email Trashing Request
Can you remove the email I'm currently viewing?,Email Trashing,Email Trashing Request
Is there a way to permanently erase this open email?,Email Trashing,Email Trashing Request
I'd like to delete the email that's currently displayed.,Email Trashing,Email Trashing Request
Can you help me get rid of the email I'm looking at right now?,Email Trashing,Email Trashing Request
Is it possible to permanently remove this open email from my inbox?,Email Trashing,Email Trashing Request
Proceed with permanent deletion of this email.,Email Trashing,Email Trashing Request
Confirm eradication of the displayed email.,Email Trashing,Email Trashing Request
Kindly remove the current email permanently.,Email Trashing,Email Trashing Request
Request final deletion of the viewed email.,Email Trashing,Email Trashing Request
Initiate permanent erasure of this electronic message.,Email Trashing,Email Trashing Request
"Can you read this email to me, please?",Email Reading,Email Reading Request
Could you read this out loud?,Email Reading,Email Reading Request
I'd like to hear this email.,Email Reading,Email Reading Request
Please read the contents of this message.,Email Reading,Email Reading Request
Share the details of this email with me.,Email Reading,Email Reading Request
Tell me what's written in this email.,Email Reading,Email Reading Request
Can you narrate this email for me?,Email Reading,Email Reading Request
Read the text of this email aloud.,Email Reading,Email Reading Request
Let me hear this message verbally.,Email Reading,Email Reading Request
I need you to read this email.,Email Reading,Email Reading Request
I want to understand what this email says.,Email Reading,Email Reading Request
Can you summarize the content of this email?,Email Reading,Email Reading Request
What does this email say in more detail?,Email Reading,Email Reading Request
"I'm visually impaired, could you read this email?",Email Reading,Email Reading Request
Is it possible to get an audio version of this email?,Email Reading,Email Reading Request
"My hands are busy, can you read this email aloud?",Email Reading,Email Reading Request
I need help understanding this email's message.,Email Reading,Email Reading Request
Can you clarify the information in this email?,Email Reading,Email Reading Request
Briefly tell me what this email is about.,Email Reading,Email Reading Request
Is there a way to hear what's written here?,Email Reading,Email Reading Request
"Give me the scoop on this email, please.",Email Reading,Email Reading Request
Can you tell me the story behind this email?,Email Reading,Email Reading Request
What's the email drama all about?,Email Reading,Email Reading Request
"Spill the tea on this email, assistant.",Email Reading,Email Reading Request
"Is it cool if you read this email to me, buddy?",Email Reading,Email Reading Request
Can you whip up an audio version of this email?,Email Reading,Email Reading Request
Let's listen to this email together.,Email Reading,Email Reading Request
"My eyes are tired, can you read this email like a bedtime story?",Email Reading,Email Reading Request
Can you make this email come alive with your voice?,Email Reading,Email Reading Request
Tell me what this email wants to say.,Email Reading,Email Reading Request
Activate email read-aloud mode.,Email Reading,Email Reading Request
Initiate voice narration for this email.,Email Reading,Email Reading Request
Begin reading the displayed email message.,Email Reading,Email Reading Request
Proceed with verbal communication of this email.,Email Reading,Email Reading Request
Execute text-to-speech for the open email.,Email Reading,Email Reading Request
Is it possible to read this email out loud?,Email Reading,Email Reading Request
Could I possibly hear this email with your help?,Email Reading,Email Reading Request
Would it be alright to have you read this email to me?,Email Reading,Email Reading Request
Do you mind reading the contents of this email?,Email Reading,Email Reading Request
I was wondering if I could hear this email through you.,Email Reading,Email Reading Request
Is there a way for me to access an audio version of this email?,Email Reading,Email Reading Request
Can you assist me in hearing what's written here?,Email Reading,Email Reading Request
"I'm not sure how to hear this email, can you help?",Email Reading,Email Reading Request
Would you be able to guide me through listening to this email?,Email Reading,Email Reading Request
Is it possible to use your voice to read this email to me?,Email Reading,Email Reading Request
"Hey, can you read this email?",Email Reading,Email Reading Request
"Dude, read this out loud for me, please.",Email Reading,Email Reading Request
"Yo, tell me what this email says.",Email Reading,Email Reading Request
Mind if I hear this email real quick?,Email Reading,Email Reading Request
Is it cool if you use your voice to read this email?,Email Reading,Email Reading Request
Can you whip up an email reading for me?,Email Reading,Email Reading Request
"Let's get this email read, assistant.",Email Reading,Email Reading Request
"Time to hear what this email is about, you in?",Email Reading,Email Reading Request
"Help a brother out with this email reading, please.",Email Reading,Email Reading Request
"My hands are full, can you read this email to me?",Email Reading,Email Reading Request
Can you tell me?,Email Reading,Email Reading Request
I need to hear this.,Email Reading,Email Reading Request
What does this say?,Email Reading,Email Reading Request
Read it please.,Email Reading,Email Reading Request
Let me know what's in here.,Email Reading,Email Reading Request
I need to know what's in this email.,Email Reading,Email Reading Request
Can you share the information in this email with me?,Email Reading,Email Reading Request
I'm interested in understanding this email's content.,Email Reading,Email Reading Request
Is there a way to access the audio version of this email?,Email Reading,Email Reading Request
I would appreciate it if you could read this email to me.,Email Reading,Email Reading Request
Can you be my email audiobook narrator? Read this email!,Email Reading,Email Reading Request
Can you make this email come alive with your captivating voice?,Email Reading,Email Reading Request
"Let's embark on a journey through this email together, shall we?",Email Reading,Email Reading Request
I need your masterful storytelling skills to bring this email to life.,Email Reading,Email Reading Request
Is it possible to use your voice to paint a picture of this email's content?,Email Reading,Email Reading Request
Can you read this email with the same enthusiasm as a news anchor?,Email Reading,Email Reading Request
"Let's give this email a dramatic reading, you in?",Email Reading,Email Reading Request
I need your soothing voice to guide me through this email's message.,Email Reading,Email Reading Request
Is it possible to use your voice to make this email more engaging?,Email Reading,Email Reading Request
Can you transform this email into an auditory experience for me?,Email Reading,Email Reading Request
I would appreciate it if you could read this email in a clear and concise manner.,Email Reading,Email Reading Request
Is it possible to get an audio summary of this email's key points?,Email Reading,Email Reading Request
Can you highlight the important parts of this email while reading it?,Email Reading,Email Reading Request
I'm interested in hearing the specific details mentioned in this email.,Email Reading,Email Reading Request
Could you focus on the actionable items mentioned in this email?,Email Reading,Email Reading Request
Is it possible to get a breakdown of the main points in this email?,Email Reading,Email Reading Request
I would appreciate it if you could prioritize the urgent information in this email.,Email Reading,Email Reading Request
Can you read this email in a way that helps me grasp its overall tone?,Email Reading,Email Reading Request
Is it possible to get a sense of the sender's emotions through your reading?,Email Reading,Email Reading Request
I'm curious to hear the nuances of the language used in this email.,Email Reading,Email Reading Request
Can you read this email with the appropriate emphasis and inflection?,Email Reading,Email Reading Request
I would appreciate it if you could tailor your reading style to this specific email.,Email Reading,Email Reading Request
Can you verbally present the email I'm currently viewing?,Email Reading,Email Reading Request
Is there a way to get an audio interpretation of this open email?,Email Reading,Email Reading Request
I'd like to hear the contents of the email I'm looking at right now.,Email Reading,Email Reading Request
Can you help me understand this email by reading it aloud?,Email Reading,Email Reading Request
Is it possible to access an audio version of the email displayed on screen?,Email Reading,Email Reading Request
Can you give me the lowdown on what this email says?,Email Reading,Email Reading Request
"I'm driving, can you read this email to me hands-free?",Email Reading,Email Reading Request
Is there a way to convert this email to audio so I can multitask?,Email Reading,Email Reading Request
"Let's dissect this email together, read it out loud and tell me your thoughts.",Email Reading,Email Reading Request
"This email seems important, can you prioritize the key points while reading?",Email Reading,Email Reading Request
"I'm feeling tired, can you soothe me with the calming tones of this email?",Email Reading,Email Reading Request
"Tell me what this email wants from me, read it as if you're the sender.",Email Reading,Email Reading Request
Can you read this email with the same precision and clarity as a legal document?,Email Reading,Email Reading Request
"Can you reply to this email, please?",Email Replying,Email Replying Request
I'd like to write a reply to this email.,Email Replying,Email Replying Request
Let me respond to this message.,Email Replying,Email Replying Request
Time to answer this email.,Email Replying,Email Replying Request
Can you draft a reply for me?,Email Replying,Email Replying Request
I need to send a response to this email.,Email Replying,Email Replying Request
Is it possible to reply through you?,Email Replying,Email Replying Request
Help me write a reply to this email.,Email Replying,Email Replying Request
Initiate email reply mode.,Email Replying,Email Replying Request
Let's craft a response to this message.,Email Replying,Email Replying Request
I want to respond to this email with a specific message.,Email Replying,Email Replying Request
Can you help me formulate a reply to this email?,Email Replying,Email Replying Request
Would you mind drafting a personalized response for me?,Email Replying,Email Replying Request
Is there a way to tailor the reply based on this email's tone?,Email Replying,Email Replying Request
Can you suggest what to say in my reply?,Email Replying,Email Replying Request
Let's shoot back a reply to this email.,Email Replying,Email Replying Request
Time to return the email favor.,Email Replying,Email Replying Request
Can you craft a witty reply for me?,Email Replying,Email Replying Request
"This email needs a response, let's get it done.",Email Replying,Email Replying Request
Is it cool if you help me reply to this email?,Email Replying,Email Replying Request
Can you whip up a quick reply for me?,Email Replying,Email Replying Request
"This email deserves a response, you in?",Email Replying,Email Replying Request
"Help a brother out with this email reply, please.",Email Replying,Email Replying Request
"My fingers are tired, can you type up a reply for me?",Email Replying,Email Replying Request
Initiate email reply composition.,Email Replying,Email Replying Request
Begin drafting a response to this message.,Email Replying,Email Replying Request
Proceed with email reply creation.,Email Replying,Email Replying Request
Activate email reply functionality.,Email Replying,Email Replying Request
Execute email reply protocol.,Email Replying,Email Replying Request
Is it possible to respond to this email directly?,Email Replying,Email Replying Request
Could I possibly write a reply through your assistance?,Email Replying,Email Replying Request
Would it be alright to draft a response with you?,Email Replying,Email Replying Request
Do you mind helping me reply to this email?,Email Replying,Email Replying Request
I was wondering if I could craft a reply with your help.,Email Replying,Email Replying Request
"Hey, can you help me reply to this email?",Email Replying,Email Replying Request
"Dude, draft a reply for me, please.",Email Replying,Email Replying Request
"Yo, help me respond to this email.",Email Replying,Email Replying Request
Mind if I reply to this email real quick with you?,Email Replying,Email Replying Request
Is it cool if you use your voice to help me reply to this email?,Email Replying,Email Replying Request
Can you respond?,Email Replying,Email Replying Request
I need to reply to this.,Email Replying,Email Replying Request
"Write a reply, please.",Email Replying,Email Replying Request
Respond to this email for me.,Email Replying,Email Replying Request
Let me reply.,Email Replying,Email Replying Request
I need to respond to this email's sender.,Email Replying,Email Replying Request
Can you help me draft a reply to this message?,Email Replying,Email Replying Request
Is there a way to write a response through you?,Email Replying,Email Replying Request
I would appreciate it if you could help me reply to this email.,Email Replying,Email Replying Request
Can you be my email reply ninja? Craft a response for me!,Email Replying,Email Replying Request
Let's make the email reply magic happen! Draft a witty reply!,Email Replying,Email Replying Request
"I need your email reply superpowers, assistant! Make this response rock!",Email Replying,Email Replying Request
Time to email someone back into existence. Reply to this email like a boss!,Email Replying,Email Replying Request
Can you reply with the power of your voice? Craft a response like a pro!,Email Replying,Email Replying Request
"Let's write a reply that slays, shall we? Start me off with my email response firestorm!",Email Replying,Email Replying Request
"I need your email Jedi skills, master. Reply to this email with the force!",Email Replying,Email Replying Request
Is it possible to use your voice to draft a killer email reply? Show me the email response galaxy!,Email Replying,Email Replying Request
Can you make replying to this email effortless? Give me the email reply zen experience!,Email Replying,Email Replying Request
Can you draft a reply to the currently open email?,Email Replying,Email Replying Request
Is there a way to respond to this message directly?,Email Replying,Email Replying Request
I'd like to send a reply to this email through you.,Email Replying,Email Replying Request
Can you help me formulate a response to this email's content?,Email Replying,Email Replying Request
Is it possible to use your voice to write a reply for me?,Email Replying,Email Replying Request
Let's get started with writing a response to this specific email.,Email Replying,Email Replying Request
I'm ready to compose a personalized reply to this message.,Email Replying,Email Replying Request
Can you guide me through crafting a relevant response to this email?,Email Replying,Email Replying Request
Is it possible to draft a reply that directly addresses the points in this email?,Email Replying,Email Replying Request
Help me formulate a clear and concise response to this specific email sender.,Email Replying,Email Replying Request
I'd love to use your voice to write a thoughtful reply to this email.,Email Replying,Email Replying Request
Can you help me tailor the reply based on the tone and content of this email?,Email Replying,Email Replying Request
Is there a way to ensure my reply stays focused on this specific email's topic?,Email Replying,Email Replying Request
Let's create a reply that directly addresses the information mentioned in this email.,Email Replying,Email Replying Request
I'm interested in responding to this email with specific details and questions.,Email Replying,Email Replying Request
Can you help me draft a reply that acknowledges the main points in this email?,Email Replying,Email Replying Request
Is it possible to use keywords from this email to craft a relevant response?,Email Replying,Email Replying Request
Let's ensure my reply stays relevant to the context of this specific email.,Email Replying,Email Replying Request
I need your assistance in formulating a well-structured reply to this email.,Email Replying,Email Replying Request
Can you draft a reply that maintains a professional tone for this email?,Email Replying,Email Replying Request
Is it possible to use your voice to write a respectful response to this email?,Email Replying,Email Replying Request
Let's craft a reply that shows I understand the content of this specific email.,Email Replying,Email Replying Request
I'd appreciate it if you could help me respond politely and effectively to this email.,Email Replying,Email Replying Request
Can you assist me in writing a reply that avoids misunderstandings in this email?,Email Replying,Email Replying Request
Is it possible to use your voice to draft a clear and concise email reply?,Email Replying,Email Replying Request
Let's make sure my reply stays on topic and addresses the sender's concerns in this email.,Email Replying,Email Replying Request
I need your help in composing a well-organized and informative response to this email.,Email Replying,Email Replying Request
Can you ensure my reply remains relevant to the specific subject matter of this email?,Email Replying,Email Replying Request
Is it possible to use your voice to draft a reply that avoids unnecessary details?,Email Replying,Email Replying Request
"Let's keep my reply focused and to the point, addressing the key points in this email.",Email Replying,Email Replying Request
I'd appreciate it if you could help me write a courteous and professional reply to this email.,Email Replying,Email Replying Request
Can you ensure my response stays relevant to the information shared in this email?,Email Replying,Email Replying Request
Is it possible to use your voice to draft a reply that expresses my gratitude in this email?,Email Replying,Email Replying Request
Let's craft a response that acknowledges the sender's message and appreciates their input.,Email Replying,Email Replying Request
I need your help in writing a reply that conveys my thoughts and suggestions clearly.,Email Replying,Email Replying Request
Can you ensure my response stays focused on the specific question asked in this email?,Email Replying,Email Replying Request
Is it possible to use your voice to draft a reply that offers helpful information?,Email Replying,Email Replying Request
Let's formulate a response that provides specific details and solutions mentioned in this email.,Email Replying,Email Replying Request
Can you help me draft a quick reply to this email? Just a few sentences will do.,Email Replying,Email Replying Request
Is it possible to send a brief acknowledgement to this email through you?,Email Replying,Email Replying Request
"Let's respond to this email with a simple ""thank you"" message. Can you help me write it?",Email Replying,Email Replying Request
I need to send a short response to this email confirming my understanding. Can you craft something concise?,Email Replying,Email Replying Request
Could you help me draft a follow-up question based on the information in this email?,Email Replying,Email Replying Request
"Can you untrash this email, please?",Email Untrashing,Email Untrashing Request
I'd like to recover this email from the trash.,Email Untrashing,Email Untrashing Request
Please restore this email from the trash folder.,Email Untrashing,Email Untrashing Request
Time to bring this email back from the dead.,Email Untrashing,Email Untrashing Request
Can you undo deleting this email?,Email Untrashing,Email Untrashing Request
"I accidentally trashed this email, can you get it back?",Email Untrashing,Email Untrashing Request
Is there a way to un-delete this email for me?,Email Untrashing,Email Untrashing Request
Help me rescue this email from the trash bin.,Email Untrashing,Email Untrashing Request
"Oops, I deleted this email. Can you put it back?",Email Untrashing,Email Untrashing Request
I need to retrieve this email from the trash.,Email Untrashing,Email Untrashing Request
"I changed my mind, I want to keep this email.",Email Untrashing,Email Untrashing Request
Can you confirm that this email will be restored from the trash?,Email Untrashing,Email Untrashing Request
Is there a way to make sure this email doesn't get permanently deleted?,Email Untrashing,Email Untrashing Request
"I need this email back in my inbox, can you handle that?",Email Untrashing,Email Untrashing Request
"Would you mind recovering this email for me, even though it's in the trash?",Email Untrashing,Email Untrashing Request
"Let's fish this email out of the trash can, can you help?",Email Untrashing,Email Untrashing Request
"This email deserves a second chance, can you save it from the trash graveyard?",Email Untrashing,Email Untrashing Request
"I need your email resurrection superpowers, assistant! Bring this email back!",Email Untrashing,Email Untrashing Request
"Time to give this email a lifeline, can you pull it from the trash vortex?",Email Untrashing,Email Untrashing Request
Can you use your voice magic to undo this email deletion? Make it reappear!,Email Untrashing,Email Untrashing Request
"Let's write an email that escapes the trash, shall we? Can you send it back to my inbox?",Email Untrashing,Email Untrashing Request
"I need your email Jedi skills, master. Rescue this email from the trash with the force!",Email Untrashing,Email Untrashing Request
Is it possible to use your voice to bring this email back from the trash oblivion?,Email Untrashing,Email Untrashing Request
"Can you make this email un-deleted, like it never even touched the trash bin?",Email Untrashing,Email Untrashing Request
"Give this email a get-out-of-trash-free card, please.",Email Untrashing,Email Untrashing Request
Initiate email untrashing protocol.,Email Untrashing,Email Untrashing Request
Begin email recovery from trash folder.,Email Untrashing,Email Untrashing Request
Proceed with restoring deleted email.,Email Untrashing,Email Untrashing Request
Activate email undelete functionality.,Email Untrashing,Email Untrashing Request
Execute email retrieval from trash.,Email Untrashing,Email Untrashing Request
Is it possible to recover this email from the trash bin?,Email Untrashing,Email Untrashing Request
Could I possibly get this email back from being deleted?,Email Untrashing,Email Untrashing Request
Would it be alright to restore this email from the trash folder?,Email Untrashing,Email Untrashing Request
Do you mind helping me untrash this email?,Email Untrashing,Email Untrashing Request
I was wondering if I could retrieve this email with your help.,Email Untrashing,Email Untrashing Request
"Hey, can you help me get this email out of the trash?",Email Untrashing,Email Untrashing Request
"Dude, undelete this email for me, please.",Email Untrashing,Email Untrashing Request
"Yo, pull this email back from the trash.",Email Untrashing,Email Untrashing Request
Mind if I untrash this email real quick with you?,Email Untrashing,Email Untrashing Request
Is it cool if you use your voice to untrash this email?,Email Untrashing,Email Untrashing Request
Can you recover it?,Email Untrashing,Email Untrashing Request
I need to get this back.,Email Untrashing,Email Untrashing Request
"Undelete this one, please.",Email Untrashing,Email Untrashing Request
Take this out of the trash.,Email Untrashing,Email Untrashing Request
Can you bring this back?,Email Untrashing,Email Untrashing Request
"I made a mistake, I want this email back in my inbox.",Email Untrashing,Email Untrashing Request
"This email shouldn't be in the trash, can you move it back?",Email Untrashing,Email Untrashing Request
Is there a way to restore an email I accidentally deleted?,Email Untrashing,Email Untrashing Request
I would appreciate it if you could help me retrieve this email from the trash.,Email Untrashing,Email Untrashing Request
Can you be my email Lazarus? Bring this email back from the trash!,Email Untrashing,Email Untrashing Request
Let's make the email untrashing magic happen! Restore this email with a snap!,Email Untrashing,Email Untrashing Request
"I need your email recovery superpowers, assistant! Make this email reappear!",Email Untrashing,Email Untrashing Request
"Time to give this email a second chance, can you pull it from the trash vortex?",Email Untrashing,Email Untrashing Request
Can you use your voice magic to undo this email deletion? Make it reappear!,Email Untrashing,Email Untrashing Request
Can you send this mail back to my inbox?,Email Untrashing,Email Untrashing Request
Can you perform an email resurrection mission and bring this one back from the trash?,Email Untrashing,Email Untrashing Request
"This email deserves a pardon, can you move it back to my inbox for safekeeping?",Email Untrashing,Email Untrashing Request
Is there a way to give this email a second chance and undo its deletion?,Email Untrashing,Email Untrashing Request
"Oops, wrong button! Can you help me put this email back where it belongs?",Email Untrashing,Email Untrashing Request
"Consider this an email amnesty request, can you retrieve it from the trash folder?",Email Untrashing,Email Untrashing Request
"Is it possible to restore this email from the trash, please?",Email Untrashing,Email Untrashing Request
I'd like to retrieve this email from the deleted items folder.,Email Untrashing,Email Untrashing Request
Can you move this message back to my inbox for me?,Email Untrashing,Email Untrashing Request
"Oops, I accidentally deleted this email. Is there a way to get it back?",Email Untrashing,Email Untrashing Request
Is there a recovery option for this deleted email?,Email Untrashing,Email Untrashing Request
I need this email back in my inbox. Can you help me with that?,Email Untrashing,Email Untrashing Request
Would you mind returning this email to its original location?,Email Untrashing,Email Untrashing Request
Is it possible to undo the deletion of this email?,Email Untrashing,Email Untrashing Request
I think I deleted this email by mistake. Can you restore it?,Email Untrashing,Email Untrashing Request
Please help me recover this email that I accidentally deleted.,Email Untrashing,Email Untrashing Request
I changed my mind about deleting this email. Can you put it back?,Email Untrashing,Email Untrashing Request
Is there a way to ensure this email isn't permanently deleted?,Email Untrashing,Email Untrashing Request
"I need this email for future reference, can you make sure it's recovered?",Email Untrashing,Email Untrashing Request
Would you mind checking if this email can be retrieved from the trash?,Email Untrashing,Email Untrashing Request
Is there a way to recover this email even if it's been in the trash for a while?,Email Untrashing,Email Untrashing Request
"This email deserves a second lease on life, can you fish it out of the trash?",Email Untrashing,Email Untrashing Request
"I need your email rescue skills, assistant! This email needs saving from the trash bin!",Email Untrashing,Email Untrashing Request
"Time to give this email a do-over, can you pull it back from the trash abyss?",Email Untrashing,Email Untrashing Request
Can you use your voice to undo this email deletion and make it reappear like magic?,Email Untrashing,Email Untrashing Request
"This email wasn't ready for the trash compactor, can you send it back to my inbox?",Email Untrashing,Email Untrashing Request
"I need your email Jedi healing touch, master. Can you restore this email from the trash with the force?",Email Untrashing,Email Untrashing Request
Is it possible to use your voice to bring this email back from the land of deleted emails?,Email Untrashing,Email Untrashing Request
"Can you make this email un-deleted, like it never even touched the trash bin?",Email Untrashing,Email Untrashing Request
"Give this email a get-out-of-trash-free card, please. It doesn't belong there!",Email Untrashing,Email Untrashing Request
"This email isn't garbage, can you help me put it back where it belongs?",Email Untrashing,Email Untrashing Request
Initiate email trash recovery process.,Email Untrashing,Email Untrashing Request
Begin restoring deleted email from trash folder.,Email Untrashing,Email Untrashing Request
Proceed with email undeletion.,Email Untrashing,Email Untrashing Request
Activate email retrieval functionality from trash.,Email Untrashing,Email Untrashing Request
Execute email restore from deleted items.,Email Untrashing,Email Untrashing Request
"Is it possible to get this email back from the trash bin, if I haven't emptied it yet?",Email Untrashing,Email Untrashing Request
Could I possibly recover this email even though I deleted it a while ago?,Email Untrashing,Email Untrashing Request
"Would it be alright to restore this email from the trash, even if it's marked for permanent deletion?",Email Untrashing,Email Untrashing Request
"Do you mind helping me get this email back, even if it seems like it's gone forever?",Email Untrashing,Email Untrashing Request
"I was wondering if there's a way to retrieve this email, even if it's not technically in the trash anymore.",Email Untrashing,Email Untrashing Request
"Hey, can you help me get this email out of the trash? It was a mistake!",Email Untrashing,Email Untrashing Request
"Dude, can you undelete this email for me, please? I need it back.",Email Untrashing,Email Untrashing Request
"Yo, pull this email back from the trash. I changed my mind.",Email Untrashing,Email Untrashing Request
Mind if I untrash this email real quick with you? It's important.,Email Untrashing,Email Untrashing Request
Is it cool if you use your voice to bring this email back from the trash? I appreciate it!,Email Untrashing,Email Untrashing Request
"Can you forward this email, please?",Email Forwarding,Email Forwarding Request
I'd like to forward this message to someone.,Email Forwarding,Email Forwarding Request
Let's send this email on to someone else.,Email Forwarding,Email Forwarding Request
Time to share this email with another recipient.,Email Forwarding,Email Forwarding Request
Can you help me forward this email?,Email Forwarding,Email Forwarding Request
I need to send this email to someone else.,Email Forwarding,Email Forwarding Request
Is there a way to forward this message through you?,Email Forwarding,Email Forwarding Request
"Help me forward this email, please.",Email Forwarding,Email Forwarding Request
Initiate email forwarding mode.,Email Forwarding,Email Forwarding Request
Let's get this email forwarded.,Email Forwarding,Email Forwarding Request
I want to send this email to specific people.,Email Forwarding,Email Forwarding Request
Can you help me choose the right recipients for this email forward?,Email Forwarding,Email Forwarding Request
Would you mind adding a few people to the recipient list when forwarding?,Email Forwarding,Email Forwarding Request
Is there a way to personalize the forwarded email for different recipients?,Email Forwarding,Email Forwarding Request
Can you suggest what to write in the forwarding message?,Email Forwarding,Email Forwarding Request
"Let's pass this email along, can you help?",Email Forwarding,Email Forwarding Request
"Time to spread the word with this email, can you forward it?",Email Forwarding,Email Forwarding Request
"Need your email forwarding superpowers, assistant! Send this email onward!",Email Forwarding,Email Forwarding Request
"This email deserves a wider audience, can you help it reach more people?",Email Forwarding,Email Forwarding Request
Can you use your voice magic to forward this email like a digital postman?,Email Forwarding,Email Forwarding Request
"Let's write an email that travels farther, shall we? Forward this one please!",Email Forwarding,Email Forwarding Request
"I need your email Jedi skills, master. Forward this email with the force!",Email Forwarding,Email Forwarding Request
Is it possible to use your voice to send this email on its next adventure?,Email Forwarding,Email Forwarding Request
Can you make forwarding this email as easy as a click of a button?,Email Forwarding,Email Forwarding Request
"This email needs some new friends, can you forward it and introduce them?",Email Forwarding,Email Forwarding Request
Activate email forwarding functionality.,Email Forwarding,Email Forwarding Request
Begin email forwarding process.,Email Forwarding,Email Forwarding Request
Proceed with email recipient selection for forwarding.,Email Forwarding,Email Forwarding Request
Execute email forwarding protocol.,Email Forwarding,Email Forwarding Request
Initiate recipient input for email forwarding.,Email Forwarding,Email Forwarding Request
Is it possible to send this email to someone else?,Email Forwarding,Email Forwarding Request
Could I possibly forward this message through your assistance?,Email Forwarding,Email Forwarding Request
Would it be alright to use your help to forward this email?,Email Forwarding,Email Forwarding Request
Do you mind helping me share this email with others?,Email Forwarding,Email Forwarding Request
I was wondering if I could forward this email with your help.,Email Forwarding,Email Forwarding Request
"Hey, can you help me forward this email?",Email Forwarding,Email Forwarding Request
"Dude, forward this email for me, please.",Email Forwarding,Email Forwarding Request
"Yo, help me send this email to someone else.",Email Forwarding,Email Forwarding Request
Mind if I forward this email real quick with you?,Email Forwarding,Email Forwarding Request
Is it cool if you use your voice to help me forward this email?,Email Forwarding,Email Forwarding Request
Can you send it on?,Email Forwarding,Email Forwarding Request
I need to share this.,Email Forwarding,Email Forwarding Request
"Forward this one, please.",Email Forwarding,Email Forwarding Request
Pass this email along.,Email Forwarding,Email Forwarding Request
Send this to someone else.,Email Forwarding,Email Forwarding Request
I need to send this email to a different recipient.,Email Forwarding,Email Forwarding Request
This email needs to be shared with others.,Email Forwarding,Email Forwarding Request
Is there a way to forward this email to specific people?,Email Forwarding,Email Forwarding Request
I would appreciate it if you could help me forward this email.,Email Forwarding,Email Forwarding Request
Can you be my email relay station? Forward this email to its next stop!,Email Forwarding,Email Forwarding Request
Let's make the email forwarding magic happen! Send this email on a journey!,Email Forwarding,Email Forwarding Request
"I need your email forwarding superpowers, assistant! Make this email fly!",Email Forwarding,Email Forwarding Request
"Time to give this email wings, can you forward it across the digital sky?",Email Forwarding,Email Forwarding Request
Can you use your voice to cast a forwarding spell on this email? Make it teleport!,Email Forwarding,Email Forwarding Request
"Let's write an email that breaks free from my inbox, shall we? Can you forward it?",Email Forwarding,Email Forwarding Request
"I need your email Jedi communication skills, master. Forward this email across galaxies!",Email Forwarding,Email Forwarding Request
Is it possible to use your voice to send this email on a global adventure?,Email Forwarding,Email Forwarding Request
Can you make forwarding this email as smooth as a whisper? Like it never left my inbox!,Email Forwarding,Email Forwarding Request
"Give this email a one-way ticket to another inbox, please. Let's forward it!",Email Forwarding,Email Forwarding Request
Let's forward this mail!,Email Forwarding,Email Forwarding Request
"Let's share this email by forwarding it, shall we?",Email Forwarding,Email Forwarding Request
I need to send this email along to someone else. Can you handle that?,Email Forwarding,Email Forwarding Request
Would you mind forwarding this message for me?,Email Forwarding,Email Forwarding Request
Is there a way to send this email on to another recipient?,Email Forwarding,Email Forwarding Request
It's time to spread the word with this email. Can you help me forward it?,Email Forwarding,Email Forwarding Request
I want to forward this email with a specific message attached.,Email Forwarding,Email Forwarding Request
Can you help me choose the right words for forwarding this email?,Email Forwarding,Email Forwarding Request
Would you mind customizing the recipient list before forwarding?,Email Forwarding,Email Forwarding Request
Is there a way to tailor the forwarded email based on the recipient?,Email Forwarding,Email Forwarding Request
Can you suggest what to write in the forwarding message for different people?,Email Forwarding,Email Forwarding Request
This email deserves a wider audience. Let's send it out there!,Email Forwarding,Email Forwarding Request
Time to get more people in on this email. Can you forward it further?,Email Forwarding,Email Forwarding Request
I need your email forwarding skills to spread the love! Share this message!,Email Forwarding,Email Forwarding Request
This email has valuable information to share. Can you help it reach more people?,Email Forwarding,Email Forwarding Request
Can you use your voice to forward this email like a digital town crier? Announce it loud and clear!,Email Forwarding,Email Forwarding Request
"Let's write an email that travels far and wide, shall we? Forward this one, please!",Email Forwarding,Email Forwarding Request
I need your email Jedi communication skills. Forward this message across the digital galaxy!,Email Forwarding,Email Forwarding Request
Is it possible to use your voice to send this email on a global adventure?,Email Forwarding,Email Forwarding Request
Can you make forwarding this email as smooth as a whisper? Like it never left my inbox!,Email Forwarding,Email Forwarding Request
Let's get this email to the right people. Can you help me forward it strategically?,Email Forwarding,Email Forwarding Request
Initiate email forwarding process with recipient selection.,Email Forwarding,Email Forwarding Request
Begin email forwarding with custom message composition.,Email Forwarding,Email Forwarding Request
Proceed with tailored email forwarding for specific recipients.,Email Forwarding,Email Forwarding Request
Execute email forwarding protocol with personalized messages.,Email Forwarding,Email Forwarding Request
Activate recipient input and message creation for email forwarding.,Email Forwarding,Email Forwarding Request
Is it possible to send this email to multiple recipients?,Email Forwarding,Email Forwarding Request
Could I possibly forward this message with a personalized note?,Email Forwarding,Email Forwarding Request
Would it be alright to use your help to share this email with specific people?,Email Forwarding,Email Forwarding Request
Do you mind helping me get this email to others who might be interested?,Email Forwarding,Email Forwarding Request
I was wondering if I could customize the forwarding process with your help.,Email Forwarding,Email Forwarding Request
"Hey, can you help me share this email with someone else?",Email Forwarding,Email Forwarding Request
"Dude, forward this email to [recipient name], please.",Email Forwarding,Email Forwarding Request
"Yo, help me send this email to [recipient name] and maybe others.",Email Forwarding,Email Forwarding Request
Mind if I forward this email with a quick message with you?,Email Forwarding,Email Forwarding Request
Is it cool if you use your voice to help me forward this email to [recipient name]?,Email Forwarding,Email Forwarding Request
Can you send this to [recipient name]?,Email Forwarding,Email Forwarding Request
I need to share this with [recipient name].,Email Forwarding,Email Forwarding Request
"Forward this one to [recipient name], please.",Email Forwarding,Email Forwarding Request
Can you pass this email along to [recipient name]?,Email Forwarding,Email Forwarding Request
Let's get this to [recipient name].,Email Forwarding,Email Forwarding Request
"Can you star this email, please?",Email Star Marking,Email Star Marketing Request
I'd like to mark this email as important.,Email Star Marking,Email Star Marketing Request
Please add a star to this message.,Email Star Marking,Email Star Marketing Request
Time to flag this email as important.,Email Star Marking,Email Star Marketing Request
Can you highlight this email for me?,Email Star Marking,Email Star Marketing Request
"I need to remember this email, can you star it?",Email Star Marking,Email Star Marketing Request
Is there a way to mark this message as important using you?,Email Star Marking,Email Star Marketing Request
Help me star this email so I can find it later.,Email Star Marking,Email Star Marketing Request
"Make this email stand out for me, please.",Email Star Marking,Email Star Marketing Request
Can you put a star on this email?,Email Star Marking,Email Star Marketing Request
"This email contains important information, can you star it?",Email Star Marking,Email Star Marketing Request
"I want to easily access this email in the future, can you star it?",Email Star Marking,Email Star Marketing Request
Would you mind adding a star to this message to prioritize it?,Email Star Marking,Email Star Marketing Request
Is there a way to mark this email for follow-up later?,Email Star Marking,Email Star Marketing Request
"Let's star this mail, now!",Email Star Marking,Email Star Marketing Request
"Let's give this email a gold star for being important, can you help?",Email Star Marking,Email Star Marketing Request
"Time to shine a spotlight on this email, can you star it?",Email Star Marking,Email Star Marketing Request
"I need your email star power, assistant! Make this message stand out!",Email Star Marking,Email Star Marketing Request
"This email deserves a VIP tag, can you star it and put it in the front row?",Email Star Marking,Email Star Marketing Request
Can you use your voice magic to mark this email as important with a star?,Email Star Marking,Email Star Marketing Request
"Let's write an email that glows with importance, shall we? Star this one, please!",Email Star Marking,Email Star Marketing Request
I need your email Jedi skills to prioritize this message. Star it with the force!,Email Star Marking,Email Star Marketing Request
Is it possible to use your voice to mark this email as a keeper?,Email Star Marking,Email Star Marketing Request
Can you make this email sparkle with importance by starring it?,Email Star Marking,Email Star Marketing Request
"Give this email a thumbs-up with a star, please. It deserves it!",Email Star Marking,Email Star Marketing Request
Activate email starring functionality.,Email Star Marking,Email Star Marketing Request
Begin marking current email as important.,Email Star Marking,Email Star Marketing Request
Proceed with adding star symbol to message.,Email Star Marking,Email Star Marketing Request
Execute email prioritization protocol.,Email Star Marking,Email Star Marketing Request
Initiate importance flag for current email.,Email Star Marking,Email Star Marketing Request
Is it possible to mark this email for future reference?,Email Star Marking,Email Star Marketing Request
Could I possibly highlight this message as important through you?,Email Star Marking,Email Star Marketing Request
Would it be alright to use your help to prioritize this email?,Email Star Marking,Email Star Marketing Request
Do you mind adding a star to this email so I don't miss it?,Email Star Marking,Email Star Marketing Request
I was wondering if I could mark this email as important with you.,Email Star Marking,Email Star Marketing Request
"Hey, can you help me star this email?",Email Star Marking,Email Star Marketing Request
"Dude, make this email important by starring it, please.",Email Star Marking,Email Star Marketing Request
"Yo, star this email so I remember it later.",Email Star Marking,Email Star Marketing Request
Mind if I star this email real quick with you?,Email Star Marking,Email Star Marketing Request
Is it cool if you use your voice to star this email?,Email Star Marking,Email Star Marketing Request
Can you mark it?,Email Star Marking,Email Star Marketing Request
I need to remember this one.,Email Star Marking,Email Star Marketing Request
"Star this, please.",Email Star Marking,Email Star Marketing Request
Highlight this email.,Email Star Marking,Email Star Marketing Request
Make this important.,Email Star Marking,Email Star Marketing Request
"This email is important, I don't want to miss it later.",Email Star Marking,Email Star Marketing Request
I need a way to keep track of this email for future reference.,Email Star Marking,Email Star Marketing Request
Is there a way to mark this email as something I need to come back to?,Email Star Marking,Email Star Marketing Request
I would appreciate it if you could help me remember this email.,Email Star Marking,Email Star Marketing Request
Can you be my email fairy godmother and sprinkle this message with star dust?,Email Star Marking,Email Star Marketing Request
Let's make the email starring magic happen! Add a star to this message with a snap!,Email Star Marking,Email Star Marketing Request
"I need your email highlighting superpowers, assistant! Make this message shine!",Email Star Marking,Email Star Marketing Request
"Time to give this email a VIP pass, can you star it and put it on the A-list?",Email Star Marking,Email Star Marketing Request
Can you use your voice to cast a starring spell on this email? Make it glow!,Email Star Marking,Email Star Marketing Request
"Let's write an email that deserves a red carpet entrance, shall we? Star it, please!",Email Star Marking,Email Star Marketing Request
"I need your email Jedi prioritization skills, master. Star this message with the force!",Email Star Marking,Email Star Marketing Request
"Give this email a star, please.",Email Star Marking,Email Star Marketing Request
I need to mark this email as important. Can you do that?,Email Star Marking,Email Star Marketing Request
Would you mind adding a star to this message?,Email Star Marking,Email Star Marketing Request
Time to flag this email for importance. Can you help?,Email Star Marking,Email Star Marketing Request
This email deserves a star. Can you make it happen?,Email Star Marking,Email Star Marketing Request
I want to remember this email easily. Can you star it?,Email Star Marking,Email Star Marketing Request
Is there a way to mark this message as important using your voice?,Email Star Marking,Email Star Marketing Request
Help me highlight this email so I can find it later.,Email Star Marking,Email Star Marketing Request
"Make this email stand out for me, please.",Email Star Marking,Email Star Marketing Request
Put a star on this email for me.,Email Star Marking,Email Star Marketing Request
This email contains crucial information. Can you star it for easy access?,Email Star Marking,Email Star Marketing Request
I want to prioritize this email for later action. Can you help me do that?,Email Star Marking,Email Star Marketing Request
Would you mind starring this message to remind me to follow up?,Email Star Marking,Email Star Marketing Request
Is there a way to flag this email for future reference through you?,Email Star Marking,Email Star Marketing Request
"Bump this email up the importance list, can you? Let's star it!",Email Star Marking,Email Star Marketing Request
"Let's give this email a thumbs-up with a star, shall we?",Email Star Marking,Email Star Marketing Request
Time to put a spotlight on this important email. Can you star it?,Email Star Marking,Email Star Marketing Request
"I need your email highlighting skills, assistant! Make this message pop!",Email Star Marking,Email Star Marketing Request
This email deserves VIP treatment. Can you star it and put it at the top?,Email Star Marking,Email Star Marketing Request
Can you use your voice to mark this email as a keeper with a star?,Email Star Marking,Email Star Marketing Request
"Let's write an email that earns a gold star for importance. Star this one, please!",Email Star Marking,Email Star Marketing Request
I need your email Jedi prioritization skills to elevate this message. Star it with the force!,Email Star Marking,Email Star Marketing Request
Is it possible to use your voice to mark this email as something I shouldn't miss?,Email Star Marking,Email Star Marketing Request
Can you make this email stand out with a shining star?,Email Star Marking,Email Star Marketing Request
"Give this email a star power boost, please. It deserves it!",Email Star Marking,Email Star Marketing Request
Mark this email as important.,Email Star Marking,Email Star Marketing Request
Highlight this message for future reference.,Email Star Marking,Email Star Marketing Request
Prioritize this email for later action.,Email Star Marking,Email Star Marketing Request
Add a star to this email for easy access.,Email Star Marking,Email Star Marketing Request
Flag this email for follow-up.,Email Star Marking,Email Star Marketing Request
Is it possible to mark this email for later follow-up?,Email Star Marking,Email Star Marketing Request
Could I possibly highlight this message as crucial through your assistance?,Email Star Marking,Email Star Marketing Request
Would it be alright to use your help to prioritize this email for easy retrieval?,Email Star Marking,Email Star Marketing Request
Do you mind helping me mark this email as something I shouldn't forget?,Email Star Marking,Email Star Marketing Request
I was wondering if I could prioritize this email with your help.,Email Star Marking,Email Star Marketing Request
"Hey, can you help me make this email important?",Email Star Marking,Email Star Marketing Request
"Dude, star this email so I remember it later.",Email Star Marking,Email Star Marketing Request
"Yo, mark this email for follow-up, please.",Email Star Marking,Email Star Marketing Request
Mind if I star this email real quick with you?,Email Star Marking,Email Star Marketing Request
Is it cool if you use your voice to highlight this email?,Email Star Marking,Email Star Marketing Request
Can you make this important?,Email Star Marking,Email Star Marketing Request
I need to remember this.,Email Star Marking,Email Star Marketing Request
"Highlight this, please.",Email Star Marking,Email Star Marketing Request
Make this a priority.,Email Star Marking,Email Star Marketing Request
"Can you show me my deleted emails, please?",Email Trash Listing,Email Trash Listing Request
I'd like to see what's in my trash folder.,Email Trash Listing,Email Trash Listing Request
Open my trash and show me the deleted emails.,Email Trash Listing,Email Trash Listing Request
Take me to my deleted items or trash folder.,Email Trash Listing,Email Trash Listing Request
List the emails I've deleted recently.,Email Trash Listing,Email Trash Listing Request
Can you access my trash and display the deleted emails?,Email Trash Listing,Email Trash Listing Request
Is there a way to view my deleted messages?,Email Trash Listing,Email Trash Listing Request
Show me the emails I trashed earlier.,Email Trash Listing,Email Trash Listing Request
Bring up my trash and let me see what's inside.,Email Trash Listing,Email Trash Listing Request
Open the bin where I keep deleted emails.,Email Trash Listing,Email Trash Listing Request
"I accidentally deleted an email, can you show me my trash to find it?",Email Trash Listing,Email Trash Listing Request
Is there a way to recover an email I deleted by mistake?,Email Trash Listing,Email Trash Listing Request
Can you help me check if a specific email is in my trash?,Email Trash Listing,Email Trash Listing Request
Would you mind showing me the deleted emails from the past week?,Email Trash Listing,Email Trash Listing Request
Is it possible to search for something specific in my trash folder?,Email Trash Listing,Email Trash Listing Request
"Let's peek into the email trash can, can you show it to me?",Email Trash Listing,Email Trash Listing Request
"Time to dig through the email graveyard, can you open my trash?",Email Trash Listing,Email Trash Listing Request
"I need your email recovery skills, assistant! Show me the deleted emails!",Email Trash Listing,Email Trash Listing Request
"This email deserves a second chance, can you fish it out of the trash folder?",Email Trash Listing,Email Trash Listing Request
Can you use your voice magic to show me the emails I banished to the trash?,Email Trash Listing,Email Trash Listing Request
"Let's see what emails are hiding in the email dumpster, shall we? Open my trash!",Email Trash Listing,Email Trash Listing Request
I need your email Jedi skills to unearth deleted messages. Show me the trash with the force!,Email Trash Listing,Email Trash Listing Request
Is it possible to use your voice to access the land of deleted emails?,Email Trash Listing,Email Trash Listing Request
Can you make viewing my trash as easy as opening a regular folder?,Email Trash Listing,Email Trash Listing Request
"Show me the email ghosts I haven't permanently deleted yet, please.",Email Trash Listing,Email Trash Listing Request
Initiate trash folder display.,Email Trash Listing,Email Trash Listing Request
Begin displaying list of deleted emails.,Email Trash Listing,Email Trash Listing Request
Proceed with showing trashed messages.,Email Trash Listing,Email Trash Listing Request
Execute retrieval and display of deleted email content.,Email Trash Listing,Email Trash Listing Request
Activate trash folder access protocol.,Email Trash Listing,Email Trash Listing Request
Is it possible to see the emails I've deleted in the past month?,Email Trash Listing,Email Trash Listing Request
Could I possibly access my deleted messages through your help?,Email Trash Listing,Email Trash Listing Request
Would it be alright to use your assistance to view my trash folder?,Email Trash Listing,Email Trash Listing Request
Do you mind showing me the emails I've marked for deletion?,Email Trash Listing,Email Trash Listing Request
I was wondering if I could see my deleted emails with your help.,Email Trash Listing,Email Trash Listing Request
"Hey, can you show me the emails I threw in the trash?",Email Trash Listing,Email Trash Listing Request
"Dude, open my trash folder and let me see what's there.",Email Trash Listing,Email Trash Listing Request
"Yo, show me the emails I deleted, please.",Email Trash Listing,Email Trash Listing Request
Mind if I take a look at my trash with you real quick?,Email Trash Listing,Email Trash Listing Request
Is it cool if you use your voice to open my trash folder?,Email Trash Listing,Email Trash Listing Request
Can you show me what I deleted?,Email Trash Listing,Email Trash Listing Request
I need to see my trashed emails.,Email Trash Listing,Email Trash Listing Request
"Open my trash, please.",Email Trash Listing,Email Trash Listing Request
Bring up my deleted items.,Email Trash Listing,Email Trash Listing Request
Show me the bin.,Email Trash Listing,Email Trash Listing Request
I'm looking for an email I might have accidentally deleted.,Email Trash Listing,Email Trash Listing Request
I need to see if a specific email is still retrievable.,Email Trash Listing,Email Trash Listing Request
Is there a way to access emails I marked for deletion earlier?,Email Trash Listing,Email Trash Listing Request
I would appreciate it if you could help me view my deleted emails.,Email Trash Listing,Email Trash Listing Request
Can you be my email archaeologist and show me the treasures in my trash folder?,Email Trash Listing,Email Trash Listing Request
Let's make the email trash exploration happen! Open the bin and reveal its secrets!,Email Trash Listing,Email Trash Listing Request
"Time to give these deleted emails a second chance, can you show them to me?",Email Trash Listing,Email Trash Listing Request
Show me the emails I deleted since yesterday. Let's peek in the trash!,Email Trash Listing,Email Trash Listing Request
"Can you retrieve any emails I might have accidentally thrown away? Trash check, please!",Email Trash Listing,Email Trash Listing Request
Take me to the deleted items folder. I need to see what's there.,Email Trash Listing,Email Trash Listing Request
"Is it possible to see the emails I trashed this week? Trash history, please.",Email Trash Listing,Email Trash Listing Request
"Can you retrieve my deleted emails, please?",Email Trash Listing,Email Trash Listing Request
I want to see the emails I recently deleted.,Email Trash Listing,Email Trash Listing Request
Would you mind showing me the contents of my trash folder?,Email Trash Listing,Email Trash Listing Request
Open my trash and display the deleted messages.,Email Trash Listing,Email Trash Listing Request
Is there a way to access my deleted emails for review?,Email Trash Listing,Email Trash Listing Request
Can you help me find an email I might have accidentally deleted?,Email Trash Listing,Email Trash Listing Request
Show me the emails I trashed earlier today.,Email Trash Listing,Email Trash Listing Request
Let me see what's in my deleted items folder.,Email Trash Listing,Email Trash Listing Request
Open the trash so I can browse the deleted emails.,Email Trash Listing,Email Trash Listing Request
I'm looking for a specific email I deleted earlier. Can you help me find it?,Email Trash Listing,Email Trash Listing Request
Is there a way to search for keywords within my deleted emails?,Email Trash Listing,Email Trash Listing Request
Would you mind showing me only the deleted emails from a specific sender?,Email Trash Listing,Email Trash Listing Request
Can you filter the trash folder to show emails deleted in the last 24 hours?,Email Trash Listing,Email Trash Listing Request
Is it possible to recover any emails I permanently deleted by mistake?,Email Trash Listing,Email Trash Listing Request
"Let's take a peek at the email recycling bin, can you show it to me?",Email Trash Listing,Email Trash Listing Request
"Time to see what gems I threw away in the email trash, can you open it?",Email Trash Listing,Email Trash Listing Request
"I need your email retrieval expertise, assistant! Show me the deleted messages!",Email Trash Listing,Email Trash Listing Request
"Maybe a deleted email deserves a second chance, can you show me the trash folder?",Email Trash Listing,Email Trash Listing Request
Can you use your voice to unveil the emails I banished to the trash?,Email Trash Listing,Email Trash Listing Request
"Let's see what interesting emails are hiding in the email dustbin, shall we? Open my trash!",Email Trash Listing,Email Trash Listing Request
I need your email Jedi sorting skills to sift through deleted messages. Show me the trash!,Email Trash Listing,Email Trash Listing Request
Is it possible to use your voice to access the archive of deleted emails?,Email Trash Listing,Email Trash Listing Request
"Show me the email castaways I haven't permanently deleted yet, please.",Email Trash Listing,Email Trash Listing Request
Can you show me deleted emails with a specific keyword? Trash search needed!,Email Trash Listing,Email Trash Listing Request
Display deleted email list.,Email Trash Listing,Email Trash Listing Request
Initiate trash folder access and content retrieval.,Email Trash Listing,Email Trash Listing Request
Begin presenting list of trashed messages.,Email Trash Listing,Email Trash Listing Request
Proceed with showing deleted email details.,Email Trash Listing,Email Trash Listing Request
Activate trash folder exploration mode.,Email Trash Listing,Email Trash Listing Request
Is it possible to see the emails I deleted in the past year?,Email Trash Listing,Email Trash Listing Request
Could I possibly view my deleted messages through your assistance?,Email Trash Listing,Email Trash Listing Request
Would it be alright to use your help to access the trash folder for review?,Email Trash Listing,Email Trash Listing Request
Do you mind showing me the emails I've marked for deletion recently?,Email Trash Listing,Email Trash Listing Request
I was wondering if I could browse my deleted emails with your help.,Email Trash Listing,Email Trash Listing Request
"Hey, can you show me the emails I deleted earlier today?",Email Trash Listing,Email Trash Listing Request
"Dude, open my trash folder and let me see what's there.",Email Trash Listing,Email Trash Listing Request
"Yo, show me the emails I trashed, please.",Email Trash Listing,Email Trash Listing Request
Mind if I take a look at my trash with you real quick?,Email Trash Listing,Email Trash Listing Request
Is it cool if you use your voice to open my trash folder?,Email Trash Listing,Email Trash Listing Request
Can you show me my deleted emails?,Email Trash Listing,Email Trash Listing Request
I need to see what I trashed.,Email Trash Listing,Email Trash Listing Request
Open my trash.,Email Trash Listing,Email Trash Listing Request
Bring up my deleted items from the trash.,Email Trash Listing,Email Trash Listing Request
Show me the mail bin.,Email Trash Listing,Email Trash Listing Request